{
  "nodes": [
    {
      "id": "1",
      "name": "Webhook Trigger",
      "type": "n8n-nodes-base.webhook",
      "typeVersion": 1,
      "position": [250, 300],
      "parameters": {
        "httpMethod": "POST",
        "path": "new-lead",
        "responseMode": "onReceived",
        "responseCode": 200,
        "responseData": {
          "body": "Lead received"
        }
      }
    },
    {
      "id": "2",
      "name": "Set Data",
      "type": "n8n-nodes-base.set",
      "typeVersion": 1,
      "position": [450, 300],
      "parameters": {
        "keepOnlySet": true,
        "values": {
          "string": [
            {
              "name": "firstName",
              "value": "={{ $json.body.name.split(' ')[0] }}"
            },
            {
              "name": "lastName",
              "value": "={{ $json.body.name.split(' ').slice(1).join(' ') }}"
            },
            {
              "name": "email",
              "value": "={{ $json.body.email }}"
            },
            {
              "name": "phone",
              "value": "={{ $json.body.phone }}"
            }
          ]
        }
      }
    },
    {
      "id": "3",
      "name": "Create Contact (GHL)",
      "type": "n8n-nodes-base.httpRequest",
      "typeVersion": 1,
      "position": [650, 300],
      "parameters": {
        "method": "POST",
        "url": "https://services.leadconnectorhq.com/contacts/",
        "headers": {
          "parameters": [
            { "name": "Authorization", "value": "Bearer {{$env.GHL_API_KEY}}" },
            { "name": "Version", "value": "2021-07-28" },
            { "name": "Content-Type", "value": "application/json" }
          ]
        },
        "bodyParametersJson": "{\"firstName\": \"{{$json.firstName}}\", \"lastName\": \"{{$json.lastName}}\", \"email\": \"{{$json.email}}\", \"phone\": \"{{$json.phone}}\"}"
      }
    }
  ],
  "connections": {
    "Webhook Trigger": {
      "main": [
        [
          { "node": "Set Data", "type": "main", "index": 0 }
        ]
      ]
    },
    "Set Data": {
      "main": [
        [
          { "node": "Create Contact (GHL)", "type": "main", "index": 0 }
        ]
      ]
    }
  }
}