{
  "nodes": [
    {
      "id": "1",
      "name": "Manual Trigger",
      "type": "n8n-nodes-base.manualTrigger",
      "typeVersion": 1,
      "position": [250, 300],
      "parameters": {}
    },
    {
      "id": "2",
      "name": "Set Prompt",
      "type": "n8n-nodes-base.set",
      "typeVersion": 1,
      "position": [450, 300],
      "parameters": {
        "values": {
          "string": [
            {
              "name": "prompt",
              "value": "A futuristic city skyline at sunset with neon lights and flying cars"
            },
            {
              "name": "version",
              "value": "cjwlb8uqeqbd7abdd5p35wpwifwjx?version=3b9726d36dbe0d3759dfff3fa0cd3461f894bc41bf42ec91e5d9c447f0ccf5c8"
            }
          ]
        }
      }
    },
    {
      "id": "3",
      "name": "Generate Video (Wan 2.2)",
      "type": "n8n-nodes-base.httpRequest",
      "typeVersion": 1,
      "position": [650, 300],
      "parameters": {
        "method": "POST",
        "url": "https://api.replicate.com/v1/predictions",
        "headers": {
          "parameters": [
            { "name": "Authorization", "value": "Token {{$env.REPLICATE_API_TOKEN}}" },
            { "name": "Content-Type", "value": "application/json" }
          ]
        },
        "bodyParametersJson": "{\"version\": \"{{$json.version}}\", \"input\": {\"prompt\": \"{{$json.prompt}}\"} }"
      }
    }
  ],
  "connections": {
    "Manual Trigger": {
      "main": [
        [
          { "node": "Set Prompt", "type": "main", "index": 0 }
        ]
      ]
    },
    "Set Prompt": {
      "main": [
        [
          { "node": "Generate Video (Wan 2.2)", "type": "main", "index": 0 }
        ]
      ]
    }
  }
}